{"Version":2,"SourceFileDate":132441459005526037,"Flags":["FL_BITMAP_COMPRESSION","FL_BITMAP_MIPMAP","FL_BITMAP_QUALITY_HIGH","FL_BITMAP_PRECOMPUTED_INV_AVG"],"InvAvgColor":[3.8707106113433838,4.0449280738830566,4.5335769653320313]}